rs	Chr	Position0	Position	sv_count
rs2093202	chr14	68457191	68457190	4
rs4901313	chr14	52920391	52920390	4
rs76832527	chr2	241217826	241217825	4
rs6003062	chr22	43103735	43103734	4
rs9615099	chr22	45302268	45302267	4
rs4513875	chr7	1888523	1888522	4
rs184104770	chr1	155720395	155720394	3
rs12781100	chr10	792696	792695	3
rs12913603	chr15	70376485	70376484	3
rs8089411	chr18	54244952	54244951	3
rs6126986	chr20	53848180	53848179	3
rs577952184	chr3	170365752	170365751	3
rs71595003	chr5	1292003	1292002	3
rs9292122	chr5	56792083	56792082	3
rs12677206	chr8	26205649	26205648	3
rs2572375	chr8	11359946	11359945	3
rs371707439	chrX	70920058	70920057	3
rs138638958	chr1	204061234	204061233	2
rs147847496	chr1	155146112	155146111	2
rs34295433	chr1	183063312	183063311	2
rs6660538	chr1	163325888	163325887	2
rs10803412	chr1	16050336	16050335	2
rs4245739	chr1	204549714	204549713	2
rs2847344	chr1	10504618	10504617	2
rs7075427	chr10	45609495	45609494	2
rs1935581	chr10	88435392	88435391	2
rs11817544	chr10	78477242	78477241	2
rs74911261	chr11	108486410	108486409	2
rs68010938	chr11	47406658	47406657	2
rs187809440	chr12	52935447	52935446	2
rs7968403	chr12	64619044	64619043	2
rs10845938	chr12	14263984	14263983	2
rs1270884	chr12	114247766	114247765	2
rs56222401	chr12	49278931	49278930	2
rs7489409	chr13	73142724	73142723	2
rs8052913	chr16	82132576	82132575	2
rs72811270	chr17	12682142	12682141	2
rs565189650	chr17	49320883	49320882	2
rs148511027	chr17	71121391	71121390	2
rs2960158	chr17	49302943	49302942	2
rs138213197	chr17	48728343	48728342	2
rs4795646	chr17	31765879	31765878	2
rs78378222	chr17	7668434	7668433	2
rs2165108	chr2	111104416	111104415	2
rs2074840	chr2	241202304	241202303	2
rs74702681	chr2	66425753	66425752	2
rs74001374	chr2	237502650	237502649	2
rs28514770	chr2	43624143	43624142	2
rs111595856	chr2	120346022	120346021	2
rs11686272	chr2	8458314	8458313	2
rs2292884	chr2	237534583	237534582	2
rs6738169	chr2	42837415	42837414	2
rs381331	chr20	63598636	63598635	2
rs7618603	chr3	23111571	23111570	2
rs34680713	chr3	49584285	49584284	2
rs6853490	chr4	94623567	94623566	2
rs147762399	chr4	151109188	151109187	2
rs150184171	chr6	133971579	133971578	2
rs2038542	chr6	108974090	108974089	2
rs2018336	chr6	11217664	11217663	2
rs13215045	chr6	153126381	153126380	2
rs9443189	chr6	75786165	75786164	2
rs9469899	chr6	34825347	34825346	2
rs834608	chr7	47412320	47412319	2
rs4727386	chr7	98059128	98059127	2
rs141811748	chr8	26036685	26036684	2
rs17464492	chr8	127330621	127330620	2
rs34265760	chr8	127523298	127523297	2
rs57588856	chr8	126824680	126824679	2
rs201057014	chr8	127313110	127313109	2
rs870167	chr8	8641293	8641292	2
rs1160267	chr8	23672008	23672007	2
rs72725854	chr8	127062570	127062569	2
rs10122990	chr9	19072248	19072247	2
rs11338635	chrX	51502424	51502423	2
rs5972255	chrX	30878203	30878202	2
rs4826594	chrX	54427973	54427972	2
rs5919393	chrX	67605515	67605514	2
rs708723	chr1	205770138	205770137	1
rs80237341	chr1	157150123	157150122	1
rs7542260	chr1	5683136	5683135	1
rs56391074	chr1	87745032	87745031	1
rs10127983	chr1	153950800	153950799	1
rs507603	chr1	179927935	179927934	1
rs544780844	chr1	45785983	45785982	1
rs1811698	chr1	150800137	150800136	1
rs12262998	chr10	102668959	102668958	1
rs12412705	chr10	79076241	79076240	1
rs12769682	chr10	125008925	125008924	1
rs140783917	chr10	121074969	121074968	1
rs10885396	chr10	112951996	112951995	1
rs10788167	chr10	121294504	121294503	1
rs11599847	chr10	46227793	46227792	1
rs4558107	chr10	121035413	121035412	1
rs878987	chr11	134396478	134396477	1
rs5794883	chr11	113829824	113829823	1
rs12785905	chr11	67184494	67184493	1
rs138466039	chr11	125184897	125184896	1
rs1048374	chr11	59135206	59135205	1
rs11043143	chr11	2212863	2212862	1
rs11228580	chr11	69234875	69234874	1
rs3918298	chr11	69648505	69648504	1
rs56159348	chr11	76556287	76556286	1
rs2277283	chr11	62140968	62140967	1
rs77216612	chr12	12725049	12725048	1
rs77121786	chr12	102052897	102052896	1
rs113925811	chr12	52915148	52915147	1
rs4842687	chr12	89762600	89762599	1
rs2066827	chr12	12718165	12718164	1
rs7336001	chr13	73421740	73421739	1
rs75823044	chr13	109708437	109708436	1
rs1004030	chr14	22836440	22836439	1
rs79133931	chr14	64221208	64221207	1
rs8005621	chr14	60639981	60639980	1
rs767127	chr14	68667547	68667546	1
rs11849126	chr14	37675387	37675386	1
rs8023793	chr15	66649755	66649754	1
rs74634457	chr15	66543366	66543365	1
rs11561564	chr15	40672846	40672845	1
rs13380763	chr16	54644393	54644392	1
rs28709974	chr16	79813735	79813734	1
rs684232	chr17	715725	715724	1
rs12938538	chr17	58348666	58348665	1
rs11263763	chr17	37743574	37743573	1
rs3110641	chr17	37687414	37687413	1
rs533722308	chr18	63293960	63293959	1
rs59710626	chr19	38057454	38057453	1
rs61752561	chr19	50858126	50858125	1
rs76765083	chr19	50859459	50859458	1
rs10412482	chr19	17117744	17117743	1
rs4802297	chr19	38247490	38247489	1
rs17501397	chr19	31677437	31677436	1
rs58235267	chr2	63050708	63050707	1
rs77559646	chr2	241195850	241195849	1
rs9306894	chr2	20678345	20678344	1
rs77482050	chr2	241200185	241200184	1
rs7591218	chr2	43410859	43410858	1
rs73913932	chr2	9954397	9954396	1
rs7602028	chr2	15876379	15876378	1
rs77167534	chr2	172455202	172455201	1
rs12621900	chr2	207253577	207253576	1
rs11691517	chr2	111135519	111135518	1
rs10206072	chr2	120615890	120615889	1
rs34925593	chr2	173369819	173369818	1
rs16854905	chr2	168156445	168156444	1
rs1861270	chr2	201261892	201261891	1
rs1990613	chr2	10641849	10641848	1
rs2028900	chr2	85540612	85540611	1
rs6039055	chr20	886681	886680	1
rs73909841	chr20	50932270	50932269	1
rs3787099	chr20	63676164	63676163	1
rs139135938	chr20	62426005	62426004	1
rs11480453	chr20	32759706	32759705	1
rs11701433	chr21	38924487	38924486	1
rs9978557	chr21	41510535	41510534	1
rs5759167	chr22	43104206	43104205	1
rs34584683	chr22	40103103	40103102	1
rs1978060	chr22	19762002	19762001	1
rs78416326	chr3	170356729	170356728	1
rs7628934	chr3	87126834	87126833	1
rs7650602	chr3	141428572	141428571	1
rs1283104	chr3	107243674	107243673	1
rs13091518	chr3	70747545	70747544	1
rs11717887	chr3	172663987	172663986	1
rs145053401	chr3	152293956	152293955	1
rs1457063	chr3	137843981	137843980	1
rs151038334	chr3	107474490	107474489	1
rs2271494	chr3	113581336	113581335	1
rs77821238	chr4	140027681	140027680	1
rs7679673	chr4	105140377	105140376	1
rs13142786	chr4	73611418	73611417	1
rs17035310	chr4	105143597	105143596	1
rs17804499	chr4	73576632	73576631	1
rs71599622	chr5	14372253	14372252	1
rs9686557	chr5	173532027	173532026	1
rs76551843	chr5	169745129	169745128	1
rs10793821	chr5	134500518	134500517	1
rs4975758	chr5	1891060	1891059	1
rs6927369	chr6	21330458	21330457	1
rs9275160	chr6	32684843	32684842	1
rs9472120	chr6	43742048	43742047	1
rs963800	chr6	159729247	159729246	1
rs12665509	chr6	21878618	21878617	1
rs35159226	chr6	26649602	26649601	1
rs4646284	chr6	160160511	160160510	1
rs339351	chr6	116879271	116879270	1
rs2814811	chr6	1670751	1670750	1
rs6956484	chr7	27525243	27525242	1
rs6955627	chr7	92948446	92948445	1
rs9655205	chr7	20959592	20959591	1
rs12701838	chr7	40837874	40837873	1
rs11452686	chr7	20374487	20374486	1
rs35389879	chr7	21772425	21772424	1
rs7011138	chr8	126909955	126909954	1
rs6984837	chr8	126889404	126889403	1
rs72725879	chr8	127091724	127091723	1
rs78809737	chr8	127091973	127091972	1
rs77541621	chr8	127064901	127064900	1
rs73700335	chr8	107910879	107910878	1
rs12549761	chr8	127528531	127528530	1
rs11467	chr8	38787396	38787395	1
rs10090154	chr8	127519892	127519891	1
rs183373024	chr8	127091872	127091871	1
rs817872	chr9	107382606	107382605	1
rs10122495	chr9	34049781	34049780	1
rs142727307	chr9	79475808	79475807	1
rs143655302	chr9	107527936	107527935	1
rs4451364	chr9	106770453	106770452	1
rs34540271	chr9	18554775	18554774	1
rs5943724	chrX	52666845	52666844	1
rs960417	chrX	9843055	9843054	1
rs17321482	chrX	11464514	11464513	1
